"","conference","link"
"1","_ACC_F","https://tf.tfrrs.org/teams/tf/FL_college_f_Florida_State.html"
"2","_ACC_F","https://tf.tfrrs.org/teams/tf/SC_college_f_Clemson.html"
"3","_ACC_F","https://tf.tfrrs.org/teams/tf/VA_college_f_Virginia.html"
"4","_ACC_F","https://tf.tfrrs.org/teams/tf/NC_college_f_Duke.html"
"5","_ACC_F","https://tf.tfrrs.org/teams/tf/NY_college_f_Syracuse.html"
"6","_ACC_F","https://tf.tfrrs.org/teams/tf/GA_college_f_Georgia_Tech.html"
"7","_ACC_F","https://tf.tfrrs.org/teams/tf/FL_college_f_Miami_FL.html"
"8","_ACC_F","https://tf.tfrrs.org/teams/tf/PA_college_f_Pittsburgh.html"
"9","_ACC_F","https://tf.tfrrs.org/teams/tf/KY_college_f_Louisville.html"
"10","_ACC_F","https://tf.tfrrs.org/teams/tf/IN_college_f_Notre_Dame_IN.html"
"11","_ACC_F","https://tf.tfrrs.org/teams/tf/NC_college_f_North_Carolina_St.html"
"12","_ACC_F","https://tf.tfrrs.org/teams/tf/NC_college_f_North_Carolina.html"
"13","_ACC_F","https://tf.tfrrs.org/teams/tf/VA_college_f_Virginia_Tech.html"
"14","_ACC_F","https://tf.tfrrs.org/teams/tf/MA_college_f_Boston_College.html"
"15","_ACC_F","https://tf.tfrrs.org/teams/tf/NC_college_f_Wake_Forest.html"
"16","_ACC_M","https://tf.tfrrs.org/teams/tf/FL_college_m_Florida_State.html"
"17","_ACC_M","https://tf.tfrrs.org/teams/tf/PA_college_m_Pittsburgh.html"
"18","_ACC_M","https://tf.tfrrs.org/teams/tf/SC_college_m_Clemson.html"
"19","_ACC_M","https://tf.tfrrs.org/teams/tf/GA_college_m_Georgia_Tech.html"
"20","_ACC_M","https://tf.tfrrs.org/teams/tf/NY_college_m_Syracuse.html"
"21","_ACC_M","https://tf.tfrrs.org/teams/tf/FL_college_m_Miami_FL.html"
"22","_ACC_M","https://tf.tfrrs.org/teams/tf/NC_college_m_Duke.html"
"23","_ACC_M","https://tf.tfrrs.org/teams/tf/VA_college_m_Virginia.html"
"24","_ACC_M","https://tf.tfrrs.org/teams/tf/VA_college_m_Virginia_Tech.html"
"25","_ACC_M","https://tf.tfrrs.org/teams/tf/NC_college_m_North_Carolina_St.html"
"26","_ACC_M","https://tf.tfrrs.org/teams/tf/KY_college_m_Louisville.html"
"27","_ACC_M","https://tf.tfrrs.org/teams/tf/NC_college_m_North_Carolina.html"
"28","_ACC_M","https://tf.tfrrs.org/teams/tf/IN_college_m_Notre_Dame_IN.html"
"29","_ACC_M","https://tf.tfrrs.org/teams/tf/MA_college_m_Boston_College.html"
"30","_ACC_M","https://tf.tfrrs.org/teams/tf/NC_college_m_Wake_Forest.html"
"31","ASUN_F","https://tf.tfrrs.org/teams/tf/FL_college_f_Jacksonville.html"
"32","ASUN_F","https://tf.tfrrs.org/teams/tf/AR_college_f_Central_Arkansas.html"
"33","ASUN_F","https://tf.tfrrs.org/teams/tf/GA_college_f_Kennesaw_State.html"
"34","ASUN_F","https://tf.tfrrs.org/teams/tf/TN_college_f_Lipscomb.html"
"35","ASUN_F","https://tf.tfrrs.org/teams/tf/TN_college_f_Austin_Peay.html"
"36","ASUN_F","https://tf.tfrrs.org/teams/tf/KY_college_f_Eastern_Kentucky.html"
"37","ASUN_F","https://tf.tfrrs.org/teams/tf/FL_college_f_North_Florida.html"
"38","ASUN_F","https://tf.tfrrs.org/teams/tf/NC_college_f_Queens_NC.html"
"39","ASUN_F","https://tf.tfrrs.org/teams/tf/KY_college_f_Bellarmine.html"
"40","ASUN_M","https://tf.tfrrs.org/teams/tf/AR_college_m_Central_Arkansas.html"
"41","ASUN_M","https://tf.tfrrs.org/teams/tf/TN_college_m_Lipscomb.html"
"42","ASUN_M","https://tf.tfrrs.org/teams/tf/GA_college_m_Kennesaw_State.html"
"43","ASUN_M","https://tf.tfrrs.org/teams/tf/FL_college_m_North_Florida.html"
"44","ASUN_M","https://tf.tfrrs.org/teams/tf/KY_college_m_Bellarmine.html"
"45","ASUN_M","https://tf.tfrrs.org/teams/tf/NC_college_m_Queens_NC.html"
"46","ASUN_M","https://tf.tfrrs.org/teams/tf/KY_college_m_Eastern_Kentucky.html"
"47","America_East_F","https://tf.tfrrs.org/teams/tf/NY_college_f_Albany.html"
"48","America_East_F","https://tf.tfrrs.org/teams/tf/RI_college_f_Bryant.html"
"49","America_East_F","https://tf.tfrrs.org/teams/tf/NY_college_f_Binghamton.html"
"50","America_East_F","https://tf.tfrrs.org/teams/tf/MD_college_f_UMBC.html"
"51","America_East_F","https://tf.tfrrs.org/teams/tf/MA_college_f_UMass_Lowell.html"
"52","America_East_F","https://tf.tfrrs.org/teams/tf/NJ_college_f_New_Jersey_Institute_Technolog.html"
"53","America_East_F","https://tf.tfrrs.org/teams/tf/VT_college_f_Vermont.html"
"54","America_East_F","https://tf.tfrrs.org/teams/tf/ME_college_f_Maine.html"
"55","America_East_F","https://tf.tfrrs.org/teams/tf/NH_college_f_New_Hampshire.html"
"56","America_East_M","https://tf.tfrrs.org/teams/tf/NY_college_m_Albany.html"
"57","America_East_M","https://tf.tfrrs.org/teams/tf/MD_college_m_UMBC.html"
"58","America_East_M","https://tf.tfrrs.org/teams/tf/VT_college_m_Vermont.html"
"59","America_East_M","https://tf.tfrrs.org/teams/tf/NJ_college_m_New_Jersey_Institute_Technolog.html"
"60","America_East_M","https://tf.tfrrs.org/teams/tf/ME_college_m_Maine.html"
"61","America_East_M","https://tf.tfrrs.org/teams/tf/NY_college_m_Binghamton.html"
"62","America_East_M","https://tf.tfrrs.org/teams/tf/MA_college_m_UMass_Lowell.html"
"63","America_East_M","https://tf.tfrrs.org/teams/tf/RI_college_m_Bryant.html"
"64","America_East_M","https://tf.tfrrs.org/teams/tf/NH_college_m_New_Hampshire.html"
"65","Atlantic_10_F","https://tf.tfrrs.org/teams/tf/VA_college_f_VCU.html"
"66","Atlantic_10_F","https://tf.tfrrs.org/teams/tf/OH_college_f_Dayton.html"
"67","Atlantic_10_F","https://tf.tfrrs.org/teams/tf/PA_college_f_St_Josephs_PA.html"
"68","Atlantic_10_F","https://tf.tfrrs.org/teams/tf/VA_college_f_George_Mason.html"
"69","Atlantic_10_F","https://tf.tfrrs.org/teams/tf/NY_college_f_Fordham.html"
"70","Atlantic_10_F","https://tf.tfrrs.org/teams/tf/MO_college_f_St_Louis_U.html"
"71","Atlantic_10_F","https://tf.tfrrs.org/teams/tf/VA_college_f_Richmond.html"
"72","Atlantic_10_F","https://tf.tfrrs.org/teams/tf/DC_college_f_George_Washington.html"
"73","Atlantic_10_F","https://tf.tfrrs.org/teams/tf/NC_college_f_Davidson.html"
"74","Atlantic_10_F","https://tf.tfrrs.org/teams/tf/PA_college_f_La_Salle.html"
"75","Atlantic_10_F","https://tf.tfrrs.org/teams/tf/PA_college_f_Duquesne.html"
"76","Atlantic_10_F","https://tf.tfrrs.org/teams/tf/MA_college_f_UMass_Amherst.html"
"77","Atlantic_10_F","https://tf.tfrrs.org/teams/tf/RI_college_f_Rhode_Island.html"
"78","Atlantic_10_F","https://tf.tfrrs.org/teams/tf/IL_college_f_Loyola_IL.html"
"79","Atlantic_10_F","https://tf.tfrrs.org/teams/tf/NY_college_f_St_Bonaventure.html"
"80","Atlantic_10_M","https://tf.tfrrs.org/teams/tf/RI_college_m_Rhode_Island.html"
"81","Atlantic_10_M","https://tf.tfrrs.org/teams/tf/MA_college_m_UMass_Amherst.html"
"82","Atlantic_10_M","https://tf.tfrrs.org/teams/tf/VA_college_m_George_Mason.html"
"83","Atlantic_10_M","https://tf.tfrrs.org/teams/tf/MO_college_m_St_Louis_U.html"
"84","Atlantic_10_M","https://tf.tfrrs.org/teams/tf/NC_college_m_Davidson.html"
"85","Atlantic_10_M","https://tf.tfrrs.org/teams/tf/VA_college_m_VCU.html"
"86","Atlantic_10_M","https://tf.tfrrs.org/teams/tf/PA_college_m_St_Josephs_PA.html"
"87","Atlantic_10_M","https://tf.tfrrs.org/teams/tf/PA_college_m_Duquesne.html"
"88","Atlantic_10_M","https://tf.tfrrs.org/teams/tf/NY_college_m_Fordham.html"
"89","Atlantic_10_M","https://tf.tfrrs.org/teams/tf/PA_college_m_La_Salle.html"
"90","Atlantic_10_M","https://tf.tfrrs.org/teams/tf/IL_college_m_Loyola_IL.html"
"91","Atlantic_10_M","https://tf.tfrrs.org/teams/tf/VA_college_m_Richmond.html"
"92","Atlantic_10_M","https://tf.tfrrs.org/teams/tf/DC_college_m_George_Washington.html"
"93","Atlantic_10_M","https://tf.tfrrs.org/teams/tf/NY_college_m_St_Bonaventure.html"
"94","BIG_EAST_F","https://tf.tfrrs.org/teams/tf/IL_college_f_DePaul.html"
"95","BIG_EAST_F","https://tf.tfrrs.org/teams/tf/PA_college_f_Villanova.html"
"96","BIG_EAST_F","https://tf.tfrrs.org/teams/tf/CT_college_f_Connecticut.html"
"97","BIG_EAST_F","https://tf.tfrrs.org/teams/tf/DC_college_f_Georgetown_DC.html"
"98","BIG_EAST_F","https://tf.tfrrs.org/teams/tf/NY_college_f_St_Johns_NY.html"
"99","BIG_EAST_F","https://tf.tfrrs.org/teams/tf/IN_college_f_Butler.html"
"100","BIG_EAST_F","https://tf.tfrrs.org/teams/tf/OH_college_f_Xavier.html"
"101","BIG_EAST_F","https://tf.tfrrs.org/teams/tf/WI_college_f_Marquette.html"
"102","BIG_EAST_F","https://tf.tfrrs.org/teams/tf/RI_college_f_Providence.html"
"103","BIG_EAST_F","https://tf.tfrrs.org/teams/tf/NE_college_f_Creighton.html"
"104","BIG_EAST_F","https://tf.tfrrs.org/teams/tf/NJ_college_f_Seton_Hall.html"
"105","BIG_EAST_M","https://tf.tfrrs.org/teams/tf/DC_college_m_Georgetown_DC.html"
"106","BIG_EAST_M","https://tf.tfrrs.org/teams/tf/CT_college_m_Connecticut.html"
"107","BIG_EAST_M","https://tf.tfrrs.org/teams/tf/IL_college_m_DePaul.html"
"108","BIG_EAST_M","https://tf.tfrrs.org/teams/tf/PA_college_m_Villanova.html"
"109","BIG_EAST_M","https://tf.tfrrs.org/teams/tf/WI_college_m_Marquette.html"
"110","BIG_EAST_M","https://tf.tfrrs.org/teams/tf/IN_college_m_Butler.html"
"111","BIG_EAST_M","https://tf.tfrrs.org/teams/tf/OH_college_m_Xavier.html"
"112","BIG_EAST_M","https://tf.tfrrs.org/teams/tf/RI_college_m_Providence.html"
"113","BIG_EAST_M","https://tf.tfrrs.org/teams/tf/NE_college_m_Creighton.html"
"114","Big_12_F","https://tf.tfrrs.org/teams/tf/TX_college_f_Texas_Tech.html"
"115","Big_12_F","https://tf.tfrrs.org/teams/tf/UT_college_f_BYU.html"
"116","Big_12_F","https://tf.tfrrs.org/teams/tf/TX_college_f_TCU.html"
"117","Big_12_F","https://tf.tfrrs.org/teams/tf/TX_college_f_Baylor.html"
"118","Big_12_F","https://tf.tfrrs.org/teams/tf/TX_college_f_Texas.html"
"119","Big_12_F","https://tf.tfrrs.org/teams/tf/FL_college_f_Central_Florida.html"
"120","Big_12_F","https://tf.tfrrs.org/teams/tf/OK_college_f_Oklahoma.html"
"121","Big_12_F","https://tf.tfrrs.org/teams/tf/TX_college_f_Houston.html"
"122","Big_12_F","https://tf.tfrrs.org/teams/tf/KS_college_f_Kansas.html"
"123","Big_12_F","https://tf.tfrrs.org/teams/tf/IA_college_f_Iowa_State.html"
"124","Big_12_F","https://tf.tfrrs.org/teams/tf/OH_college_f_Cincinnati.html"
"125","Big_12_F","https://tf.tfrrs.org/teams/tf/OK_college_f_Oklahoma_State.html"
"126","Big_12_F","https://tf.tfrrs.org/teams/tf/KS_college_f_Kansas_State.html"
"127","Big_12_F","https://tf.tfrrs.org/teams/tf/WV_college_f_West_Virginia.html"
"128","Big_12_M","https://tf.tfrrs.org/teams/tf/TX_college_m_Houston.html"
"129","Big_12_M","https://tf.tfrrs.org/teams/tf/TX_college_m_Texas.html"
"130","Big_12_M","https://tf.tfrrs.org/teams/tf/TX_college_m_Baylor.html"
"131","Big_12_M","https://tf.tfrrs.org/teams/tf/UT_college_m_BYU.html"
"132","Big_12_M","https://tf.tfrrs.org/teams/tf/TX_college_m_Texas_Tech.html"
"133","Big_12_M","https://tf.tfrrs.org/teams/tf/OH_college_m_Cincinnati.html"
"134","Big_12_M","https://tf.tfrrs.org/teams/tf/TX_college_m_TCU.html"
"135","Big_12_M","https://tf.tfrrs.org/teams/tf/KS_college_m_Kansas.html"
"136","Big_12_M","https://tf.tfrrs.org/teams/tf/IA_college_m_Iowa_State.html"
"137","Big_12_M","https://tf.tfrrs.org/teams/tf/OK_college_m_Oklahoma.html"
"138","Big_12_M","https://tf.tfrrs.org/teams/tf/KS_college_m_Kansas_State.html"
"139","Big_12_M","https://tf.tfrrs.org/teams/tf/OK_college_m_Oklahoma_State.html"
"140","Big_Sky_F","https://tf.tfrrs.org/teams/tf/AZ_college_f_Northern_Arizona.html"
"141","Big_Sky_F","https://tf.tfrrs.org/teams/tf/ID_college_f_Idaho.html"
"142","Big_Sky_F","https://tf.tfrrs.org/teams/tf/MT_college_f_Montana_State.html"
"143","Big_Sky_F","https://tf.tfrrs.org/teams/tf/CA_college_f_Sacramento_St.html"
"144","Big_Sky_F","https://tf.tfrrs.org/teams/tf/UT_college_f_Weber_State.html"
"145","Big_Sky_F","https://tf.tfrrs.org/teams/tf/CO_college_f_Northern_Colorado.html"
"146","Big_Sky_F","https://tf.tfrrs.org/teams/tf/ID_college_f_Idaho_State.html"
"147","Big_Sky_F","https://tf.tfrrs.org/teams/tf/MT_college_f_Montana.html"
"148","Big_Sky_F","https://tf.tfrrs.org/teams/tf/OR_college_f_Portland_State.html"
"149","Big_Sky_F","https://tf.tfrrs.org/teams/tf/WA_college_f_Eastern_Washington.html"
"150","Big_Sky_M","https://tf.tfrrs.org/teams/tf/CO_college_m_Northern_Colorado.html"
"151","Big_Sky_M","https://tf.tfrrs.org/teams/tf/AZ_college_m_Northern_Arizona.html"
"152","Big_Sky_M","https://tf.tfrrs.org/teams/tf/MT_college_m_Montana_State.html"
"153","Big_Sky_M","https://tf.tfrrs.org/teams/tf/ID_college_m_Idaho_State.html"
"154","Big_Sky_M","https://tf.tfrrs.org/teams/tf/ID_college_m_Idaho.html"
"155","Big_Sky_M","https://tf.tfrrs.org/teams/tf/OR_college_m_Portland_State.html"
"156","Big_Sky_M","https://tf.tfrrs.org/teams/tf/MT_college_m_Montana.html"
"157","Big_Sky_M","https://tf.tfrrs.org/teams/tf/WA_college_m_Eastern_Washington.html"
"158","Big_Sky_M","https://tf.tfrrs.org/teams/tf/CA_college_m_Sacramento_St.html"
"159","Big_Sky_M","https://tf.tfrrs.org/teams/tf/UT_college_m_Weber_State.html"
"160","Big_South_F","https://tf.tfrrs.org/teams/tf/SC_college_f_Charleston_Southern.html"
"161","Big_South_F","https://tf.tfrrs.org/teams/tf/SC_college_f_USC_Upstate.html"
"162","Big_South_F","https://tf.tfrrs.org/teams/tf/NC_college_f_Gardner_Webb.html"
"163","Big_South_F","https://tf.tfrrs.org/teams/tf/NC_college_f_High_Point.html"
"164","Big_South_F","https://tf.tfrrs.org/teams/tf/SC_college_f_Winthrop.html"
"165","Big_South_F","https://tf.tfrrs.org/teams/tf/VA_college_f_Radford.html"
"166","Big_South_F","https://tf.tfrrs.org/teams/tf/VA_college_f_Longwood.html"
"167","Big_South_F","https://tf.tfrrs.org/teams/tf/NC_college_f_UNC_Asheville.html"
"168","Big_South_M","https://tf.tfrrs.org/teams/tf/NC_college_m_High_Point.html"
"169","Big_South_M","https://tf.tfrrs.org/teams/tf/SC_college_m_Winthrop.html"
"170","Big_South_M","https://tf.tfrrs.org/teams/tf/NC_college_m_UNC_Asheville.html"
"171","Big_South_M","https://tf.tfrrs.org/teams/tf/SC_college_m_USC_Upstate.html"
"172","Big_South_M","https://tf.tfrrs.org/teams/tf/SC_college_m_Charleston_Southern.html"
"173","Big_South_M","https://tf.tfrrs.org/teams/tf/NC_college_m_Gardner_Webb.html"
"174","Big_South_M","https://tf.tfrrs.org/teams/tf/VA_college_m_Longwood.html"
"175","Big_South_M","https://tf.tfrrs.org/teams/tf/VA_college_m_Radford.html"
"176","Big_Ten_F","https://tf.tfrrs.org/teams/tf/OH_college_f_Ohio_State.html"
"177","Big_Ten_F","https://tf.tfrrs.org/teams/tf/MN_college_f_Minnesota.html"
"178","Big_Ten_F","https://tf.tfrrs.org/teams/tf/IA_college_f_Iowa.html"
"179","Big_Ten_F","https://tf.tfrrs.org/teams/tf/WI_college_f_Wisconsin.html"
"180","Big_Ten_F","https://tf.tfrrs.org/teams/tf/IL_college_f_Illinois.html"
"181","Big_Ten_F","https://tf.tfrrs.org/teams/tf/NE_college_f_Nebraska.html"
"182","Big_Ten_F","https://tf.tfrrs.org/teams/tf/NJ_college_f_Rutgers.html"
"183","Big_Ten_F","https://tf.tfrrs.org/teams/tf/MI_college_f_Michigan_State.html"
"184","Big_Ten_F","https://tf.tfrrs.org/teams/tf/PA_college_f_Penn_State.html"
"185","Big_Ten_F","https://tf.tfrrs.org/teams/tf/MD_college_f_Maryland.html"
"186","Big_Ten_F","https://tf.tfrrs.org/teams/tf/IN_college_f_Purdue.html"
"187","Big_Ten_F","https://tf.tfrrs.org/teams/tf/MI_college_f_Michigan.html"
"188","Big_Ten_F","https://tf.tfrrs.org/teams/tf/IN_college_f_Indiana_IN.html"
"189","Big_Ten_F","https://tf.tfrrs.org/teams/tf/IL_college_f_Northwestern_IL.html"
"190","Big_Ten_M","https://tf.tfrrs.org/teams/tf/MN_college_m_Minnesota.html"
"191","Big_Ten_M","https://tf.tfrrs.org/teams/tf/IA_college_m_Iowa.html"
"192","Big_Ten_M","https://tf.tfrrs.org/teams/tf/PA_college_m_Penn_State.html"
"193","Big_Ten_M","https://tf.tfrrs.org/teams/tf/IN_college_m_Indiana_IN.html"
"194","Big_Ten_M","https://tf.tfrrs.org/teams/tf/IN_college_m_Purdue.html"
"195","Big_Ten_M","https://tf.tfrrs.org/teams/tf/NJ_college_m_Rutgers.html"
"196","Big_Ten_M","https://tf.tfrrs.org/teams/tf/MD_college_m_Maryland.html"
"197","Big_Ten_M","https://tf.tfrrs.org/teams/tf/MI_college_m_Michigan.html"
"198","Big_Ten_M","https://tf.tfrrs.org/teams/tf/NE_college_m_Nebraska.html"
"199","Big_Ten_M","https://tf.tfrrs.org/teams/tf/OH_college_m_Ohio_State.html"
"200","Big_Ten_M","https://tf.tfrrs.org/teams/tf/MI_college_m_Michigan_State.html"
"201","Big_Ten_M","https://tf.tfrrs.org/teams/tf/WI_college_m_Wisconsin.html"
"202","Big_Ten_M","https://tf.tfrrs.org/teams/tf/IL_college_m_Illinois.html"
"203","Big_West_F","https://tf.tfrrs.org/teams/tf/CA_college_f_Cal_St_Fullerton.html"
"204","Big_West_F","https://tf.tfrrs.org/teams/tf/CA_college_f_UC_Irvine.html"
"205","Big_West_F","https://tf.tfrrs.org/teams/tf/CA_college_f_UC_Riverside.html"
"206","Big_West_F","https://tf.tfrrs.org/teams/tf/CA_college_f_Cal_St_Northridge.html"
"207","Big_West_F","https://tf.tfrrs.org/teams/tf/CA_college_f_Cal_Poly.html"
"208","Big_West_F","https://tf.tfrrs.org/teams/tf/HI_college_f_Hawaii.html"
"209","Big_West_F","https://tf.tfrrs.org/teams/tf/CA_college_f_UC_San_Diego.html"
"210","Big_West_F","https://tf.tfrrs.org/teams/tf/CA_college_f_Long_Beach_St.html"
"211","Big_West_F","https://tf.tfrrs.org/teams/tf/CA_college_f_Cal_St_Bakersfield.html"
"212","Big_West_F","https://tf.tfrrs.org/teams/tf/CA_college_f_UC_Santa_Barbara.html"
"213","Big_West_F","https://tf.tfrrs.org/teams/tf/CA_college_f_UC_Davis.html"
"214","Big_West_M","https://tf.tfrrs.org/teams/tf/CA_college_m_Cal_St_Northridge.html"
"215","Big_West_M","https://tf.tfrrs.org/teams/tf/CA_college_m_Cal_St_Fullerton.html"
"216","Big_West_M","https://tf.tfrrs.org/teams/tf/CA_college_m_UC_San_Diego.html"
"217","Big_West_M","https://tf.tfrrs.org/teams/tf/CA_college_m_Long_Beach_St.html"
"218","Big_West_M","https://tf.tfrrs.org/teams/tf/CA_college_m_Cal_Poly.html"
"219","Big_West_M","https://tf.tfrrs.org/teams/tf/CA_college_m_UC_Santa_Barbara.html"
"220","Big_West_M","https://tf.tfrrs.org/teams/tf/CA_college_m_UC_Davis.html"
"221","Big_West_M","https://tf.tfrrs.org/teams/tf/CA_college_m_UC_Irvine.html"
"222","Big_West_M","https://tf.tfrrs.org/teams/tf/CA_college_m_UC_Riverside.html"
"223","Big_West_M","https://tf.tfrrs.org/teams/tf/CA_college_m_Cal_St_Bakersfield.html"
"224","CAA_Colonial_F","https://tf.tfrrs.org/teams/tf/NC_college_f_Campbell.html"
"225","CAA_Colonial_F","https://tf.tfrrs.org/teams/tf/MD_college_f_Towson.html"
"226","CAA_Colonial_F","https://tf.tfrrs.org/teams/tf/NC_college_f_N_Carolina_AT.html"
"227","CAA_Colonial_F","https://tf.tfrrs.org/teams/tf/SC_college_f_Col_of_Charleston.html"
"228","CAA_Colonial_F","https://tf.tfrrs.org/teams/tf/VA_college_f_William__Mary.html"
"229","CAA_Colonial_F","https://tf.tfrrs.org/teams/tf/NC_college_f_Elon.html"
"230","CAA_Colonial_F","https://tf.tfrrs.org/teams/tf/MA_college_f_Northeastern.html"
"231","CAA_Colonial_F","https://tf.tfrrs.org/teams/tf/VA_college_f_Hampton.html"
"232","CAA_Colonial_F","https://tf.tfrrs.org/teams/tf/NJ_college_f_Monmouth_NJ.html"
"233","CAA_Colonial_F","https://tf.tfrrs.org/teams/tf/DE_college_f_Delaware.html"
"234","CAA_Colonial_F","https://tf.tfrrs.org/teams/tf/NC_college_f_UNC_Wilmington.html"
"235","CAA_Colonial_F","https://tf.tfrrs.org/teams/tf/NY_college_f_Stony_Brook.html"
"236","CAA_Colonial_F","https://tf.tfrrs.org/teams/tf/NY_college_f_Hofstra.html"
"237","CAA_Colonial_M","https://tf.tfrrs.org/teams/tf/NC_college_m_Campbell.html"
"238","CAA_Colonial_M","https://tf.tfrrs.org/teams/tf/MA_college_m_Northeastern.html"
"239","CAA_Colonial_M","https://tf.tfrrs.org/teams/tf/NC_college_m_N_Carolina_AT.html"
"240","CAA_Colonial_M","https://tf.tfrrs.org/teams/tf/VA_college_m_Hampton.html"
"241","CAA_Colonial_M","https://tf.tfrrs.org/teams/tf/NJ_college_m_Monmouth_NJ.html"
"242","CAA_Colonial_M","https://tf.tfrrs.org/teams/tf/NY_college_m_Stony_Brook.html"
"243","CAA_Colonial_M","https://tf.tfrrs.org/teams/tf/NC_college_m_UNC_Wilmington.html"
"244","CAA_Colonial_M","https://tf.tfrrs.org/teams/tf/VA_college_m_William__Mary.html"
"245","CAA_Colonial_M","https://tf.tfrrs.org/teams/tf/NC_college_m_Elon.html"
"246","CAA_Colonial_M","https://tf.tfrrs.org/teams/tf/SC_college_m_Col_of_Charleston.html"
"247","CAA_Colonial_M","https://tf.tfrrs.org/teams/tf/NY_college_m_Hofstra.html"
"248","Conference_USA_F","https://tf.tfrrs.org/teams/tf/TX_college_f_UTEP.html"
"249","Conference_USA_F","https://tf.tfrrs.org/teams/tf/VA_college_f_Liberty.html"
"250","Conference_USA_F","https://tf.tfrrs.org/teams/tf/AL_college_f_Jacksonville_St.html"
"251","Conference_USA_F","https://tf.tfrrs.org/teams/tf/NM_college_f_New_Mexico_State.html"
"252","Conference_USA_F","https://tf.tfrrs.org/teams/tf/TX_college_f_Sam_Houston.html"
"253","Conference_USA_F","https://tf.tfrrs.org/teams/tf/TN_college_f_Mid_Tenn_State.html"
"254","Conference_USA_F","https://tf.tfrrs.org/teams/tf/LA_college_f_Louisiana_Tech.html"
"255","Conference_USA_F","https://tf.tfrrs.org/teams/tf/FL_college_f_Florida_Intl.html"
"256","Conference_USA_F","https://tf.tfrrs.org/teams/tf/KY_college_f_Western_Kentucky.html"
"257","Conference_USA_M","https://tf.tfrrs.org/teams/tf/VA_college_m_Liberty.html"
"258","Conference_USA_M","https://tf.tfrrs.org/teams/tf/LA_college_m_Louisiana_Tech.html"
"259","Conference_USA_M","https://tf.tfrrs.org/teams/tf/TX_college_m_Sam_Houston.html"
"260","Conference_USA_M","https://tf.tfrrs.org/teams/tf/TX_college_m_UTEP.html"
"261","Conference_USA_M","https://tf.tfrrs.org/teams/tf/KY_college_m_Western_Kentucky.html"
"262","Conference_USA_M","https://tf.tfrrs.org/teams/tf/TN_college_m_Mid_Tenn_State.html"
"263","Conference_USA_M","https://tf.tfrrs.org/teams/tf/FL_college_m_Florida_Intl.html"
"264","Conference_USA_M","https://tf.tfrrs.org/teams/tf/AL_college_m_Jacksonville_St.html"
"265","Conference_USA_M","https://tf.tfrrs.org/teams/tf/NM_college_m_New_Mexico_State.html"
"266","HBCU_F","https://tf.tfrrs.org/teams/tf/DC_college_f_Howard.html"
"267","HBCU_F","https://tf.tfrrs.org/teams/tf/MD_college_f_Coppin_State.html"
"268","HBCU_F","https://tf.tfrrs.org/teams/tf/TX_college_f_Prairie_View.html"
"269","HBCU_F","https://tf.tfrrs.org/teams/tf/FL_college_f_Florida_AM.html"
"270","HBCU_F","https://tf.tfrrs.org/teams/tf/MO_college_f_Lincoln_MO.html"
"271","HBCU_F","https://tf.tfrrs.org/teams/tf/AL_college_f_Alabama_State.html"
"272","HBCU_F","https://tf.tfrrs.org/teams/tf/LA_college_f_Southern.html"
"273","HBCU_F","https://tf.tfrrs.org/teams/tf/NC_college_f_Winston_Salem_St.html"
"274","HBCU_F","https://tf.tfrrs.org/teams/tf/VA_college_f_Norfolk_State.html"
"275","HBCU_F","https://tf.tfrrs.org/teams/tf/AL_college_f_Miles.html"
"276","HBCU_F","https://tf.tfrrs.org/teams/tf/LA_college_f_Dillard.html"
"277","HBCU_F","https://tf.tfrrs.org/teams/tf/NC_college_f_St_Augustines.html"
"278","HBCU_F","https://tf.tfrrs.org/teams/tf/TN_college_f_Tennessee_St.html"
"279","HBCU_F","https://tf.tfrrs.org/teams/tf/FL_college_f_Florida_Memorial.html"
"280","HBCU_F","https://tf.tfrrs.org/teams/tf/LA_college_f_Xavier_Louisiana.html"
"281","HBCU_F","https://tf.tfrrs.org/teams/tf/GA_college_f_Albany_State.html"
"282","HBCU_F","https://tf.tfrrs.org/teams/tf/AL_college_f_Alabama_AM.html"
"283","HBCU_F","https://tf.tfrrs.org/teams/tf/LA_college_f_Grambling.html"
"284","HBCU_F","https://tf.tfrrs.org/teams/tf/AR_college_f_Arkansas_Pine_Bluff.html"
"285","HBCU_F","https://tf.tfrrs.org/teams/tf/NC_college_f_Fayetteville_St.html"
"286","HBCU_F","https://tf.tfrrs.org/teams/tf/SC_college_f_South_Carolina_State.html"
"287","HBCU_F","https://tf.tfrrs.org/teams/tf/MD_college_f_Maryland_Eastern_Shore.html"
"288","HBCU_F","https://tf.tfrrs.org/teams/tf/TX_college_f_Texas_Southern.html"
"289","HBCU_F","https://tf.tfrrs.org/teams/tf/AL_college_f_Tuskegee.html"
"290","HBCU_F","https://tf.tfrrs.org/teams/tf/FL_college_f_Bethune_Cookman.html"
"291","HBCU_F","https://tf.tfrrs.org/teams/tf/NC_college_f_NC_Central.html"
"292","HBCU_F","https://tf.tfrrs.org/teams/tf/GA_college_f_Fort_Valley_State.html"
"293","HBCU_F","https://tf.tfrrs.org/teams/tf/VA_college_f_Virginia_Union.html"
"294","HBCU_F","https://tf.tfrrs.org/teams/tf/OH_college_f_Central_State.html"
"295","HBCU_F","https://tf.tfrrs.org/teams/tf/TX_college_f_Huston_Tillotson.html"
"296","HBCU_F","https://tf.tfrrs.org/teams/tf/DE_college_f_Delaware_State.html"
"297","HBCU_F","https://tf.tfrrs.org/teams/tf/MS_college_f_Jackson_State.html"
"298","HBCU_F","https://tf.tfrrs.org/teams/tf/MD_college_f_Morgan_State.html"
"299","HBCU_F","https://tf.tfrrs.org/teams/tf/NC_college_f_Johnson_C_Smith.html"
"300","HBCU_F","https://tf.tfrrs.org/teams/tf/NC_college_f_Livingstone.html"
"301","HBCU_F","https://tf.tfrrs.org/teams/tf/VA_college_f_Virginia_State.html"
"302","HBCU_F","https://tf.tfrrs.org/teams/tf/MS_college_f_Alcorn_State.html"
"303","HBCU_F","https://tf.tfrrs.org/teams/tf/NC_college_f_Shaw.html"
"304","HBCU_F","https://tf.tfrrs.org/teams/tf/GA_college_f_Clark_Atlanta.html"
"305","HBCU_F","https://tf.tfrrs.org/teams/tf/FL_college_f_Edward_Waters.html"
"306","HBCU_F","https://tf.tfrrs.org/teams/tf/SC_college_f_Benedict.html"
"307","HBCU_F","https://tf.tfrrs.org/teams/tf/SC_college_f_Allen.html"
"308","HBCU_F","https://tf.tfrrs.org/teams/tf/KY_college_f_Kentucky_State.html"
"309","HBCU_F","https://tf.tfrrs.org/teams/tf/WV_college_f_West_Virginia_St.html"
"310","HBCU_F","https://tf.tfrrs.org/teams/tf/SC_college_f_Claflin.html"
"311","HBCU_F","https://tf.tfrrs.org/teams/tf/DC_college_f_District_of_Columbia.html"
"312","HBCU_F","https://tf.tfrrs.org/teams/tf/MD_college_f_Bowie_State.html"
"313","HBCU_F","https://tf.tfrrs.org/teams/tf/TX_college_f_Wiley.html"
"314","HBCU_F","https://tf.tfrrs.org/teams/tf/SC_college_f_Voorhees.html"
"315","HBCU_F","https://tf.tfrrs.org/teams/tf/WV_college_f_Bluefield_St.html"
"316","HBCU_F","https://tf.tfrrs.org/teams/tf/OK_college_f_Langston.html"
"317","HBCU_F","https://tf.tfrrs.org/teams/tf/MO_college_f_Harris_Stowe_St.html"
"318","HBCU_M","https://tf.tfrrs.org/teams/tf/GA_college_m_Albany_State.html"
"319","HBCU_M","https://tf.tfrrs.org/teams/tf/VA_college_m_Norfolk_State.html"
"320","HBCU_M","https://tf.tfrrs.org/teams/tf/MD_college_m_Coppin_State.html"
"321","HBCU_M","https://tf.tfrrs.org/teams/tf/AL_college_m_Alabama_State.html"
"322","HBCU_M","https://tf.tfrrs.org/teams/tf/LA_college_m_Dillard.html"
"323","HBCU_M","https://tf.tfrrs.org/teams/tf/MD_college_m_Morgan_State.html"
"324","HBCU_M","https://tf.tfrrs.org/teams/tf/DE_college_m_Delaware_State.html"
"325","HBCU_M","https://tf.tfrrs.org/teams/tf/NC_college_m_St_Augustines.html"
"326","HBCU_M","https://tf.tfrrs.org/teams/tf/DC_college_m_Howard.html"
"327","HBCU_M","https://tf.tfrrs.org/teams/tf/FL_college_m_Florida_Memorial.html"
"328","HBCU_M","https://tf.tfrrs.org/teams/tf/AR_college_m_Arkansas_Pine_Bluff.html"
"329","HBCU_M","https://tf.tfrrs.org/teams/tf/SC_college_m_Voorhees.html"
"330","HBCU_M","https://tf.tfrrs.org/teams/tf/TX_college_m_Texas_Southern.html"
"331","HBCU_M","https://tf.tfrrs.org/teams/tf/GA_college_m_Fort_Valley_State.html"
"332","HBCU_M","https://tf.tfrrs.org/teams/tf/LA_college_m_Southern.html"
"333","HBCU_M","https://tf.tfrrs.org/teams/tf/MS_college_m_Jackson_State.html"
"334","HBCU_M","https://tf.tfrrs.org/teams/tf/LA_college_m_Grambling.html"
"335","HBCU_M","https://tf.tfrrs.org/teams/tf/SC_college_m_Claflin.html"
"336","HBCU_M","https://tf.tfrrs.org/teams/tf/OK_college_m_Langston.html"
"337","HBCU_M","https://tf.tfrrs.org/teams/tf/MO_college_m_Lincoln_MO.html"
"338","HBCU_M","https://tf.tfrrs.org/teams/tf/VA_college_m_Virginia_Union.html"
"339","HBCU_M","https://tf.tfrrs.org/teams/tf/SC_college_m_South_Carolina_State.html"
"340","HBCU_M","https://tf.tfrrs.org/teams/tf/NC_college_m_NC_Central.html"
"341","HBCU_M","https://tf.tfrrs.org/teams/tf/TX_college_m_Prairie_View.html"
"342","HBCU_M","https://tf.tfrrs.org/teams/tf/FL_college_m_Bethune_Cookman.html"
"343","HBCU_M","https://tf.tfrrs.org/teams/tf/SC_college_m_Benedict.html"
"344","HBCU_M","https://tf.tfrrs.org/teams/tf/MS_college_m_Alcorn_State.html"
"345","HBCU_M","https://tf.tfrrs.org/teams/tf/GA_college_m_Morehouse.html"
"346","HBCU_M","https://tf.tfrrs.org/teams/tf/TN_college_m_Tennessee_St.html"
"347","HBCU_M","https://tf.tfrrs.org/teams/tf/VA_college_m_Virginia_State.html"
"348","HBCU_M","https://tf.tfrrs.org/teams/tf/FL_college_m_Florida_AM.html"
"349","HBCU_M","https://tf.tfrrs.org/teams/tf/TX_college_m_Huston_Tillotson.html"
"350","HBCU_M","https://tf.tfrrs.org/teams/tf/MD_college_m_Maryland_Eastern_Shore.html"
"351","HBCU_M","https://tf.tfrrs.org/teams/tf/NC_college_m_Johnson_C_Smith.html"
"352","HBCU_M","https://tf.tfrrs.org/teams/tf/GA_college_m_Savannah_State.html"
"353","HBCU_M","https://tf.tfrrs.org/teams/tf/FL_college_m_Edward_Waters.html"
"354","HBCU_M","https://tf.tfrrs.org/teams/tf/NC_college_m_Livingstone.html"
"355","HBCU_M","https://tf.tfrrs.org/teams/tf/GA_college_m_Paine.html"
"356","HBCU_M","https://tf.tfrrs.org/teams/tf/OH_college_m_Central_State.html"
"357","HBCU_M","https://tf.tfrrs.org/teams/tf/LA_college_m_Xavier_Louisiana.html"
"358","HBCU_M","https://tf.tfrrs.org/teams/tf/AL_college_m_Talladega_College.html"
"359","HBCU_M","https://tf.tfrrs.org/teams/tf/TX_college_m_Wiley.html"
"360","HBCU_M","https://tf.tfrrs.org/teams/tf/AL_college_m_Tuskegee.html"
"361","HBCU_M","https://tf.tfrrs.org/teams/tf/AL_college_m_Alabama_AM.html"
"362","HBCU_M","https://tf.tfrrs.org/teams/tf/AL_college_m_Stillman.html"
"363","HBCU_M","https://tf.tfrrs.org/teams/tf/KY_college_m_Kentucky_State.html"
"364","HBCU_M","https://tf.tfrrs.org/teams/tf/SC_college_m_Allen.html"
"365","HBCU_M","https://tf.tfrrs.org/teams/tf/AL_college_m_Miles.html"
"366","HBCU_M","https://tf.tfrrs.org/teams/tf/WV_college_m_West_Virginia_St.html"
"367","HBCU_M","https://tf.tfrrs.org/teams/tf/MD_college_m_Bowie_State.html"
"368","HBCU_M","https://tf.tfrrs.org/teams/tf/TN_college_m_Lane.html"
"369","HBCU_M","https://tf.tfrrs.org/teams/tf/MO_college_m_Harris_Stowe_St.html"
"370","HBCU_M","https://tf.tfrrs.org/teams/tf/WV_college_m_Bluefield_St.html"
"371","Horizon_League_F","https://tf.tfrrs.org/teams/tf/IN_college_f_PFW.html"
"372","Horizon_League_F","https://tf.tfrrs.org/teams/tf/OH_college_f_Youngstown_St.html"
"373","Horizon_League_F","https://tf.tfrrs.org/teams/tf/WI_college_f_Milwaukee.html"
"374","Horizon_League_F","https://tf.tfrrs.org/teams/tf/KY_college_f_Northern_Kentucky.html"
"375","Horizon_League_F","https://tf.tfrrs.org/teams/tf/OH_college_f_Wright_State.html"
"376","Horizon_League_F","https://tf.tfrrs.org/teams/tf/MI_college_f_Oakland.html"
"377","Horizon_League_F","https://tf.tfrrs.org/teams/tf/PA_college_f_Robert_Morris_PA.html"
"378","Horizon_League_F","https://tf.tfrrs.org/teams/tf/IN_college_f_IUPUI.html"
"379","Horizon_League_F","https://tf.tfrrs.org/teams/tf/OH_college_f_Cleveland_St.html"
"380","Horizon_League_F","https://tf.tfrrs.org/teams/tf/MI_college_f_Detroit_Mercy.html"
"381","Horizon_League_M","https://tf.tfrrs.org/teams/tf/WI_college_m_Milwaukee.html"
"382","Horizon_League_M","https://tf.tfrrs.org/teams/tf/OH_college_m_Youngstown_St.html"
"383","Horizon_League_M","https://tf.tfrrs.org/teams/tf/IN_college_m_PFW.html"
"384","Horizon_League_M","https://tf.tfrrs.org/teams/tf/MI_college_m_Oakland.html"
"385","Horizon_League_M","https://tf.tfrrs.org/teams/tf/OH_college_m_Wright_State.html"
"386","Horizon_League_M","https://tf.tfrrs.org/teams/tf/MI_college_m_Detroit_Mercy.html"
"387","Horizon_League_M","https://tf.tfrrs.org/teams/tf/KY_college_m_Northern_Kentucky.html"
"388","Horizon_League_M","https://tf.tfrrs.org/teams/tf/IN_college_m_IUPUI.html"
"389","IC4A_ECAC_F","https://tf.tfrrs.org/teams/tf/PA_college_f_Penn.html"
"390","IC4A_ECAC_F","https://tf.tfrrs.org/teams/tf/VA_college_f_Va_Military_Institute.html"
"391","IC4A_ECAC_F","https://tf.tfrrs.org/teams/tf/VA_college_f_James_Madison.html"
"392","IC4A_ECAC_F","https://tf.tfrrs.org/teams/tf/PA_college_f_Bucknell.html"
"393","IC4A_ECAC_F","https://tf.tfrrs.org/teams/tf/MD_college_f_Navy.html"
"394","IC4A_ECAC_F","https://tf.tfrrs.org/teams/tf/PA_college_f_Mansfield.html"
"395","IC4A_ECAC_F","https://tf.tfrrs.org/teams/tf/MD_college_f_Loyola_MD.html"
"396","IC4A_ECAC_F","https://tf.tfrrs.org/teams/tf/NY_college_f_Army_West_Point.html"
"397","IC4A_ECAC_F","https://tf.tfrrs.org/teams/tf/CT_college_f_So_Conn_St.html"
"398","IC4A_ECAC_F","https://tf.tfrrs.org/teams/tf/NJ_college_f_Princeton.html"
"399","IC4A_ECAC_F","https://tf.tfrrs.org/teams/tf/CT_college_f_Yale.html"
"400","IC4A_ECAC_F","https://tf.tfrrs.org/teams/tf/MA_college_f_Harvard.html"
"401","IC4A_ECAC_F","https://tf.tfrrs.org/teams/tf/NY_college_f_Colgate.html"
"402","IC4A_ECAC_F","https://tf.tfrrs.org/teams/tf/NY_college_f_Cornell.html"
"403","IC4A_ECAC_F","https://tf.tfrrs.org/teams/tf/RI_college_f_Brown.html"
"404","IC4A_ECAC_F","https://tf.tfrrs.org/teams/tf/NH_college_f_Dartmouth.html"
"405","IC4A_ECAC_F","https://tf.tfrrs.org/teams/tf/MA_college_f_Boston_U.html"
"406","IC4A_ECAC_F","https://tf.tfrrs.org/teams/tf/PA_college_f_Lehigh.html"
"407","IC4A_ECAC_F","https://tf.tfrrs.org/teams/tf/MD_college_f_Johns_Hopkins.html"
"408","IC4A_ECAC_F","https://tf.tfrrs.org/teams/tf/PA_college_f_Lincoln_PA.html"
"409","IC4A_ECAC_F","https://tf.tfrrs.org/teams/tf/NY_college_f_Columbia.html"
"410","IC4A_ECAC_F","https://tf.tfrrs.org/teams/tf/DC_college_f_American.html"
"411","IC4A_ECAC_F","https://tf.tfrrs.org/teams/tf/PA_college_f_Temple.html"
"412","IC4A_ECAC_F","https://tf.tfrrs.org/teams/tf/CT_college_f_Quinnipiac.html"
"413","IC4A_ECAC_F","https://tf.tfrrs.org/teams/tf/NY_college_f_Canisius.html"
"414","IC4A_ECAC_F","https://tf.tfrrs.org/teams/tf/MA_college_f_Stonehill.html"
"415","IC4A_ECAC_F","https://tf.tfrrs.org/teams/tf/MA_college_f_Holy_Cross.html"
"416","IC4A_ECAC_F","https://tf.tfrrs.org/teams/tf/NJ_college_f_Rider.html"
"417","IC4A_ECAC_F","https://tf.tfrrs.org/teams/tf/NY_college_f_Adelphi.html"
"418","IC4A_ECAC_F","https://tf.tfrrs.org/teams/tf/PA_college_f_Lafayette.html"
"419","IC4A_ECAC_F","https://tf.tfrrs.org/teams/tf/CT_college_f_Central_Connecticut.html"
"420","IC4A_ECAC_F","https://tf.tfrrs.org/teams/tf/NY_college_f_Iona.html"
"421","IC4A_ECAC_F","https://tf.tfrrs.org/teams/tf/NY_college_f_Manhattan.html"
"422","IC4A_ECAC_F","https://tf.tfrrs.org/teams/tf/NY_college_f_Siena.html"
"423","IC4A_ECAC_F","https://tf.tfrrs.org/teams/tf/NY_college_f_Wagner.html"
"424","IC4A_ECAC_F","https://tf.tfrrs.org/teams/tf/NJ_college_f_St_Peters.html"
"425","IC4A_ECAC_F","https://tf.tfrrs.org/teams/tf/CT_college_f_Sacred_Heart.html"
"426","IC4A_ECAC_F","https://tf.tfrrs.org/teams/tf/NJ_college_f_TCNJ.html"
"427","IC4A_ECAC_F","https://tf.tfrrs.org/teams/tf/NY_college_f_Long%20Island%20University.html"
"428","IC4A_ECAC_F","https://tf.tfrrs.org/teams/tf/PA_college_f_Saint_Francis_PA.html"
"429","IC4A_ECAC_F","https://tf.tfrrs.org/teams/tf/MA_college_f_Merrimack.html"
"430","IC4A_ECAC_F","https://tf.tfrrs.org/teams/tf/NJ_college_f_Fairleigh_Dickinson_University.html"
"431","IC4A_ECAC_F","https://tf.tfrrs.org/teams/tf/MD_college_f_Mount_St_Marys.html"
"432","IC4A_ECAC_F","https://tf.tfrrs.org/teams/tf/NJ_college_f_Ramapo.html"
"433","IC4A_ECAC_F","https://tf.tfrrs.org/teams/tf/DE_college_f_Wilmington_DE.html"
"434","IC4A_ECAC_F","https://tf.tfrrs.org/teams/tf/NY_college_f_Marist.html"
"435","IC4A_ECAC_F","https://tf.tfrrs.org/teams/tf/CT_college_f_Fairfield.html"
"436","IC4A_ECAC_F","https://tf.tfrrs.org/teams/tf/NY_college_f_Le_Moyne.html"
"437","IC4A_ECAC_F","https://tf.tfrrs.org/teams/tf/NJ_college_f_Rutgers_Camden.html"
"438","IC4A_ECAC_M","https://tf.tfrrs.org/teams/tf/NJ_college_m_Princeton.html"
"439","IC4A_ECAC_M","https://tf.tfrrs.org/teams/tf/NY_college_m_Iona.html"
"440","IC4A_ECAC_M","https://tf.tfrrs.org/teams/tf/MA_college_m_Harvard.html"
"441","IC4A_ECAC_M","https://tf.tfrrs.org/teams/tf/MD_college_m_Navy.html"
"442","IC4A_ECAC_M","https://tf.tfrrs.org/teams/tf/MA_college_m_Stonehill.html"
"443","IC4A_ECAC_M","https://tf.tfrrs.org/teams/tf/NJ_college_m_Rider.html"
"444","IC4A_ECAC_M","https://tf.tfrrs.org/teams/tf/NY_college_m_Army_West_Point.html"
"445","IC4A_ECAC_M","https://tf.tfrrs.org/teams/tf/NY_college_m_Cornell.html"
"446","IC4A_ECAC_M","https://tf.tfrrs.org/teams/tf/MA_college_m_Boston_U.html"
"447","IC4A_ECAC_M","https://tf.tfrrs.org/teams/tf/RI_college_m_Brown.html"
"448","IC4A_ECAC_M","https://tf.tfrrs.org/teams/tf/NH_college_m_Dartmouth.html"
"449","IC4A_ECAC_M","https://tf.tfrrs.org/teams/tf/PA_college_m_Penn.html"
"450","IC4A_ECAC_M","https://tf.tfrrs.org/teams/tf/DE_college_m_Wilmington_DE.html"
"451","IC4A_ECAC_M","https://tf.tfrrs.org/teams/tf/MD_college_m_Mount_St_Marys.html"
"452","IC4A_ECAC_M","https://tf.tfrrs.org/teams/tf/CT_college_m_So_Conn_St.html"
"453","IC4A_ECAC_M","https://tf.tfrrs.org/teams/tf/MA_college_m_Merrimack.html"
"454","IC4A_ECAC_M","https://tf.tfrrs.org/teams/tf/NJ_college_m_TCNJ.html"
"455","IC4A_ECAC_M","https://tf.tfrrs.org/teams/tf/PA_college_m_Saint_Francis_PA.html"
"456","IC4A_ECAC_M","https://tf.tfrrs.org/teams/tf/NJ_college_m_St_Peters.html"
"457","IC4A_ECAC_M","https://tf.tfrrs.org/teams/tf/CT_college_m_Yale.html"
"458","IC4A_ECAC_M","https://tf.tfrrs.org/teams/tf/NJ_college_m_Ramapo.html"
"459","IC4A_ECAC_M","https://tf.tfrrs.org/teams/tf/CT_college_m_Central_Connecticut.html"
"460","IC4A_ECAC_M","https://tf.tfrrs.org/teams/tf/NY_college_m_Manhattan.html"
"461","IC4A_ECAC_M","https://tf.tfrrs.org/teams/tf/VA_college_m_Va_Military_Institute.html"
"462","IC4A_ECAC_M","https://tf.tfrrs.org/teams/tf/NY_college_m_Wagner.html"
"463","IC4A_ECAC_M","https://tf.tfrrs.org/teams/tf/MA_college_m_American_Intl.html"
"464","IC4A_ECAC_M","https://tf.tfrrs.org/teams/tf/NY_college_m_Columbia.html"
"465","IC4A_ECAC_M","https://tf.tfrrs.org/teams/tf/CT_college_m_Sacred_Heart.html"
"466","IC4A_ECAC_M","https://tf.tfrrs.org/teams/tf/PA_college_m_Bucknell.html"
"467","IC4A_ECAC_M","https://tf.tfrrs.org/teams/tf/NY_college_m_Long%20Island%20University.html"
"468","IC4A_ECAC_M","https://tf.tfrrs.org/teams/tf/DC_college_m_American.html"
"469","IC4A_ECAC_M","https://tf.tfrrs.org/teams/tf/PA_college_m_Lehigh.html"
"470","IC4A_ECAC_M","https://tf.tfrrs.org/teams/tf/MA_college_m_Holy_Cross.html"
"471","IC4A_ECAC_M","https://tf.tfrrs.org/teams/tf/PA_college_m_Temple.html"
"472","IC4A_ECAC_M","https://tf.tfrrs.org/teams/tf/MD_college_m_Johns_Hopkins.html"
"473","IC4A_ECAC_M","https://tf.tfrrs.org/teams/tf/NY_college_m_Canisius.html"
"474","IC4A_ECAC_M","https://tf.tfrrs.org/teams/tf/NY_college_m_Adelphi.html"
"475","IC4A_ECAC_M","https://tf.tfrrs.org/teams/tf/NJ_college_m_Fairleigh_Dickinson_University.html"
"476","IC4A_ECAC_M","https://tf.tfrrs.org/teams/tf/PA_college_m_Lincoln_PA.html"
"477","IC4A_ECAC_M","https://tf.tfrrs.org/teams/tf/NY_college_m_Siena.html"
"478","IC4A_ECAC_M","https://tf.tfrrs.org/teams/tf/NY_college_m_Le_Moyne.html"
"479","IC4A_ECAC_M","https://tf.tfrrs.org/teams/tf/NY_college_m_Colgate.html"
"480","IC4A_ECAC_M","https://tf.tfrrs.org/teams/tf/PA_college_m_Lafayette.html"
"481","IC4A_ECAC_M","https://tf.tfrrs.org/teams/tf/NJ_college_m_Rutgers_Camden.html"
"482","IC4A_ECAC_M","https://tf.tfrrs.org/teams/tf/NY_college_m_Marist.html"
"483","IC4A_ECAC_M","https://tf.tfrrs.org/teams/tf/NJ_college_m_New_Jersey_City.html"
"484","IC4A_ECAC_M","https://tf.tfrrs.org/teams/tf/VA_college_m_Emory_Henry.html"
"485","Metro_Atlantic_MAAC_F","https://tf.tfrrs.org/teams/tf/NY_college_f_Niagara.html"
"486","Metro_Atlantic_MAAC_M","https://tf.tfrrs.org/teams/tf/CT_college_m_Quinnipiac.html"
"487","Metro_Atlantic_MAAC_M","https://tf.tfrrs.org/teams/tf/CT_college_m_Fairfield.html"
"488","Mid_American_MAC_F","https://tf.tfrrs.org/teams/tf/IN_college_f_Ball_State.html"
"489","Mid_American_MAC_F","https://tf.tfrrs.org/teams/tf/OH_college_f_Akron.html"
"490","Mid_American_MAC_F","https://tf.tfrrs.org/teams/tf/OH_college_f_Kent_State.html"
"491","Mid_American_MAC_F","https://tf.tfrrs.org/teams/tf/MI_college_f_Eastern_Michigan.html"
"492","Mid_American_MAC_F","https://tf.tfrrs.org/teams/tf/MI_college_f_Central_Michigan.html"
"493","Mid_American_MAC_F","https://tf.tfrrs.org/teams/tf/OH_college_f_Ohio_U.html"
"494","Mid_American_MAC_F","https://tf.tfrrs.org/teams/tf/MI_college_f_Western_Michigan.html"
"495","Mid_American_MAC_F","https://tf.tfrrs.org/teams/tf/IL_college_f_Northern_Illinois.html"
"496","Mid_American_MAC_F","https://tf.tfrrs.org/teams/tf/OH_college_f_Bowling_Green.html"
"497","Mid_American_MAC_F","https://tf.tfrrs.org/teams/tf/OH_college_f_Miami_OH.html"
"498","Mid_American_MAC_F","https://tf.tfrrs.org/teams/tf/OH_college_f_Toledo.html"
"499","Mid_American_MAC_F","https://tf.tfrrs.org/teams/tf/NY_college_f_Buffalo.html"
"500","Mid_American_MAC_M","https://tf.tfrrs.org/teams/tf/OH_college_m_Kent_State.html"
"501","Mid_American_MAC_M","https://tf.tfrrs.org/teams/tf/OH_college_m_Akron.html"
"502","Mid_American_MAC_M","https://tf.tfrrs.org/teams/tf/OH_college_m_Miami_OH.html"
"503","Mid_American_MAC_M","https://tf.tfrrs.org/teams/tf/NY_college_m_Buffalo.html"
"504","Mid_American_MAC_M","https://tf.tfrrs.org/teams/tf/MI_college_m_Eastern_Michigan.html"
"505","Mid_American_MAC_M","https://tf.tfrrs.org/teams/tf/MI_college_m_Central_Michigan.html"
"506","Missouri_Valley_MVC_F","https://tf.tfrrs.org/teams/tf/KY_college_f_Murray_State.html"
"507","Missouri_Valley_MVC_F","https://tf.tfrrs.org/teams/tf/IL_college_f_Illinois_State.html"
"508","Missouri_Valley_MVC_F","https://tf.tfrrs.org/teams/tf/IN_college_f_Indiana_State.html"
"509","Missouri_Valley_MVC_F","https://tf.tfrrs.org/teams/tf/IL_college_f_Southern_Illinois.html"
"510","Missouri_Valley_MVC_F","https://tf.tfrrs.org/teams/tf/IA_college_f_Northern_Iowa.html"
"511","Missouri_Valley_MVC_F","https://tf.tfrrs.org/teams/tf/MO_college_f_Missouri_State.html"
"512","Missouri_Valley_MVC_F","https://tf.tfrrs.org/teams/tf/IA_college_f_Drake.html"
"513","Missouri_Valley_MVC_F","https://tf.tfrrs.org/teams/tf/IL_college_f_Illinois_Chicago.html"
"514","Missouri_Valley_MVC_F","https://tf.tfrrs.org/teams/tf/TN_college_f_Belmont.html"
"515","Missouri_Valley_MVC_F","https://tf.tfrrs.org/teams/tf/IL_college_f_Bradley.html"
"516","Missouri_Valley_MVC_F","https://tf.tfrrs.org/teams/tf/IN_college_f_Evansville.html"
"517","Missouri_Valley_MVC_F","https://tf.tfrrs.org/teams/tf/IN_college_f_Valparaiso.html"
"518","Missouri_Valley_MVC_M","https://tf.tfrrs.org/teams/tf/IL_college_m_Southern_Illinois.html"
"519","Missouri_Valley_MVC_M","https://tf.tfrrs.org/teams/tf/IN_college_m_Indiana_State.html"
"520","Missouri_Valley_MVC_M","https://tf.tfrrs.org/teams/tf/TN_college_m_Belmont.html"
"521","Missouri_Valley_MVC_M","https://tf.tfrrs.org/teams/tf/IL_college_m_Bradley.html"
"522","Missouri_Valley_MVC_M","https://tf.tfrrs.org/teams/tf/IA_college_m_Northern_Iowa.html"
"523","Missouri_Valley_MVC_M","https://tf.tfrrs.org/teams/tf/IL_college_m_Illinois_State.html"
"524","Missouri_Valley_MVC_M","https://tf.tfrrs.org/teams/tf/IA_college_m_Drake.html"
"525","Missouri_Valley_MVC_M","https://tf.tfrrs.org/teams/tf/IL_college_m_Illinois_Chicago.html"
"526","Missouri_Valley_MVC_M","https://tf.tfrrs.org/teams/tf/IN_college_m_Evansville.html"
"527","Missouri_Valley_MVC_M","https://tf.tfrrs.org/teams/tf/IN_college_m_Valparaiso.html"
"528","Missouri_Valley_MVC_M","https://tf.tfrrs.org/teams/tf/KY_college_m_Murray_State.html"
"529","Mountain_West_F","https://tf.tfrrs.org/teams/tf/CA_college_f_San_Diego_State.html"
"530","Mountain_West_F","https://tf.tfrrs.org/teams/tf/NV_college_f_UNLV.html"
"531","Mountain_West_F","https://tf.tfrrs.org/teams/tf/NV_college_f_Nevada.html"
"532","Mountain_West_F","https://tf.tfrrs.org/teams/tf/NM_college_f_New_Mexico.html"
"533","Mountain_West_F","https://tf.tfrrs.org/teams/tf/CA_college_f_San_Jose_State.html"
"534","Mountain_West_F","https://tf.tfrrs.org/teams/tf/CO_college_f_Colorado_State.html"
"535","Mountain_West_F","https://tf.tfrrs.org/teams/tf/ID_college_f_Boise_State.html"
"536","Mountain_West_F","https://tf.tfrrs.org/teams/tf/UT_college_f_Utah_State.html"
"537","Mountain_West_F","https://tf.tfrrs.org/teams/tf/CA_college_f_Fresno_State.html"
"538","Mountain_West_F","https://tf.tfrrs.org/teams/tf/CO_college_f_Air_Force.html"
"539","Mountain_West_F","https://tf.tfrrs.org/teams/tf/WY_college_f_Wyoming.html"
"540","Mountain_West_M","https://tf.tfrrs.org/teams/tf/CA_college_m_San_Jose_State.html"
"541","Mountain_West_M","https://tf.tfrrs.org/teams/tf/CO_college_m_Air_Force.html"
"542","Mountain_West_M","https://tf.tfrrs.org/teams/tf/NM_college_m_New_Mexico.html"
"543","Mountain_West_M","https://tf.tfrrs.org/teams/tf/CO_college_m_Colorado_State.html"
"544","Mountain_West_M","https://tf.tfrrs.org/teams/tf/CA_college_m_Fresno_State.html"
"545","Mountain_West_M","https://tf.tfrrs.org/teams/tf/WY_college_m_Wyoming.html"
"546","Mountain_West_M","https://tf.tfrrs.org/teams/tf/UT_college_m_Utah_State.html"
"547","Mountain_West_M","https://tf.tfrrs.org/teams/tf/ID_college_m_Boise_State.html"
"548","NEICAAA_F","https://tf.tfrrs.org/teams/tf/ME_college_f_Bowdoin.html"
"549","NEICAAA_F","https://tf.tfrrs.org/teams/tf/MA_college_f_Williams.html"
"550","NEICAAA_F","https://tf.tfrrs.org/teams/tf/CT_college_f_New_Haven.html"
"551","NEICAAA_F","https://tf.tfrrs.org/teams/tf/ME_college_f_Colby.html"
"552","NEICAAA_F","https://tf.tfrrs.org/teams/tf/MA_college_f_Bridgewater_St.html"
"553","NEICAAA_F","https://tf.tfrrs.org/teams/tf/VT_college_f_Middlebury.html"
"554","NEICAAA_F","https://tf.tfrrs.org/teams/tf/MA_college_f_MIT.html"
"555","NEICAAA_F","https://tf.tfrrs.org/teams/tf/CT_college_f_Hartford.html"
"556","NEICAAA_F","https://tf.tfrrs.org/teams/tf/MA_college_f_Wheaton_MA.html"
"557","NEICAAA_F","https://tf.tfrrs.org/teams/tf/MA_college_f_WPI.html"
"558","NEICAAA_F","https://tf.tfrrs.org/teams/tf/MA_college_f_UMass_Boston.html"
"559","NEICAAA_F","https://tf.tfrrs.org/teams/tf/MA_college_f_Amherst.html"
"560","NEICAAA_F","https://tf.tfrrs.org/teams/tf/MA_college_f_Gordon.html"
"561","NEICAAA_F","https://tf.tfrrs.org/teams/tf/MA_college_f_American_Intl.html"
"562","NEICAAA_F","https://tf.tfrrs.org/teams/tf/NH_college_f_St_Anselm.html"
"563","NEICAAA_F","https://tf.tfrrs.org/teams/tf/NH_college_f_Southern_New_Hampshire.html"
"564","NEICAAA_F","https://tf.tfrrs.org/teams/tf/RI_college_f_RIC.html"
"565","NEICAAA_F","https://tf.tfrrs.org/teams/tf/CT_college_f_Trinity_CT.html"
"566","NEICAAA_F","https://tf.tfrrs.org/teams/tf/ME_college_f_Southern_Maine.html"
"567","NEICAAA_F","https://tf.tfrrs.org/teams/tf/CT_college_f_Coast_Guard.html"
"568","NEICAAA_F","https://tf.tfrrs.org/teams/tf/MA_college_f_Tufts.html"
"569","NEICAAA_F","https://tf.tfrrs.org/teams/tf/MA_college_f_Suffolk.html"
"570","NEICAAA_F","https://tf.tfrrs.org/teams/tf/MA_college_f_Bentley.html"
"571","NEICAAA_F","https://tf.tfrrs.org/teams/tf/MA_college_f_Westfield_State.html"
"572","NEICAAA_F","https://tf.tfrrs.org/teams/tf/ME_college_f_Bates.html"
"573","NEICAAA_F","https://tf.tfrrs.org/teams/tf/CT_college_f_Wesleyan.html"
"574","NEICAAA_F","https://tf.tfrrs.org/teams/tf/MA_college_f_Springfield.html"
"575","NEICAAA_F","https://tf.tfrrs.org/teams/tf/NH_college_f_Colby_Sawyer.html"
"576","NEICAAA_F","https://tf.tfrrs.org/teams/tf/MA_college_f_Assumption.html"
"577","NEICAAA_F","https://tf.tfrrs.org/teams/tf/MA_college_f_Brandeis.html"
"578","NEICAAA_F","https://tf.tfrrs.org/teams/tf/CT_college_f_Conn_College.html"
"579","NEICAAA_F","https://tf.tfrrs.org/teams/tf/MA_college_f_Smith.html"
"580","NEICAAA_F","https://tf.tfrrs.org/teams/tf/MA_college_f_Wellesley.html"
"581","NEICAAA_F","https://tf.tfrrs.org/teams/tf/MA_college_f_Mount_Holyoke.html"
"582","NEICAAA_F","https://tf.tfrrs.org/teams/tf/NH_college_f_Keene_State.html"
"583","NEICAAA_F","https://tf.tfrrs.org/teams/tf/CT_college_f_Eastern_Conn_St.html"
"584","NEICAAA_F","https://tf.tfrrs.org/teams/tf/MA_college_f_UMass_Dartmouth.html"
"585","NEICAAA_F","https://tf.tfrrs.org/teams/tf/MA_college_f_Fitchburg_St.html"
"586","NEICAAA_F","https://tf.tfrrs.org/teams/tf/MA_college_f_Babson.html"
"587","NEICAAA_F","https://tf.tfrrs.org/teams/tf/NH_college_f_Franklin_Pierce.html"
"588","NEICAAA_F","https://tf.tfrrs.org/teams/tf/ME_college_f_Husson.html"
"589","NEICAAA_F","https://tf.tfrrs.org/teams/tf/NH_college_f_Plymouth_State.html"
"590","NEICAAA_F","https://tf.tfrrs.org/teams/tf/MA_college_f_Worcester_State.html"
"591","NEICAAA_F","https://tf.tfrrs.org/teams/tf/MA_college_f_Lesley.html"
"592","NEICAAA_F","https://tf.tfrrs.org/teams/tf/MA_college_f_Mass_Maritime.html"
"593","NEICAAA_F","https://tf.tfrrs.org/teams/tf/MA_college_f_Lasell.html"
"594","NEICAAA_F","https://tf.tfrrs.org/teams/tf/VT_college_f_St_Michaels.html"
"595","NEICAAA_M","https://tf.tfrrs.org/teams/tf/NH_college_m_Franklin_Pierce.html"
"596","NEICAAA_M","https://tf.tfrrs.org/teams/tf/MA_college_m_Babson.html"
"597","NEICAAA_M","https://tf.tfrrs.org/teams/tf/MA_college_m_Williams.html"
"598","NEICAAA_M","https://tf.tfrrs.org/teams/tf/ME_college_m_Southern_Maine.html"
"599","NEICAAA_M","https://tf.tfrrs.org/teams/tf/MA_college_m_MIT.html"
"600","NEICAAA_M","https://tf.tfrrs.org/teams/tf/MA_college_m_Worcester_State.html"
"601","NEICAAA_M","https://tf.tfrrs.org/teams/tf/MA_college_m_Amherst.html"
"602","NEICAAA_M","https://tf.tfrrs.org/teams/tf/MA_college_m_Tufts.html"
"603","NEICAAA_M","https://tf.tfrrs.org/teams/tf/ME_college_m_Bates.html"
"604","NEICAAA_M","https://tf.tfrrs.org/teams/tf/MA_college_m_Springfield.html"
"605","NEICAAA_M","https://tf.tfrrs.org/teams/tf/MA_college_m_Assumption.html"
"606","NEICAAA_M","https://tf.tfrrs.org/teams/tf/MA_college_m_Wheaton_MA.html"
"607","NEICAAA_M","https://tf.tfrrs.org/teams/tf/CT_college_m_Hartford.html"
"608","NEICAAA_M","https://tf.tfrrs.org/teams/tf/VT_college_m_Middlebury.html"
"609","NEICAAA_M","https://tf.tfrrs.org/teams/tf/NH_college_m_St_Anselm.html"
"610","NEICAAA_M","https://tf.tfrrs.org/teams/tf/ME_college_m_Colby.html"
"611","NEICAAA_M","https://tf.tfrrs.org/teams/tf/CT_college_m_New_Haven.html"
"612","NEICAAA_M","https://tf.tfrrs.org/teams/tf/CT_college_m_Eastern_Conn_St.html"
"613","NEICAAA_M","https://tf.tfrrs.org/teams/tf/MA_college_m_Bridgewater_St.html"
"614","NEICAAA_M","https://tf.tfrrs.org/teams/tf/ME_college_m_Bowdoin.html"
"615","NEICAAA_M","https://tf.tfrrs.org/teams/tf/RI_college_m_RIC.html"
"616","NEICAAA_M","https://tf.tfrrs.org/teams/tf/MA_college_m_Gordon.html"
"617","NEICAAA_M","https://tf.tfrrs.org/teams/tf/CT_college_m_Trinity_CT.html"
"618","NEICAAA_M","https://tf.tfrrs.org/teams/tf/MA_college_m_WPI.html"
"619","NEICAAA_M","https://tf.tfrrs.org/teams/tf/CT_college_m_Coast_Guard.html"
"620","NEICAAA_M","https://tf.tfrrs.org/teams/tf/MA_college_m_UMass_Dartmouth.html"
"621","NEICAAA_M","https://tf.tfrrs.org/teams/tf/CT_college_m_Wesleyan.html"
"622","NEICAAA_M","https://tf.tfrrs.org/teams/tf/NH_college_m_Plymouth_State.html"
"623","NEICAAA_M","https://tf.tfrrs.org/teams/tf/MA_college_m_Brandeis.html"
"624","NEICAAA_M","https://tf.tfrrs.org/teams/tf/MA_college_m_Suffolk.html"
"625","NEICAAA_M","https://tf.tfrrs.org/teams/tf/MA_college_m_Wentworth_Institute_of_Tech.html"
"626","NEICAAA_M","https://tf.tfrrs.org/teams/tf/CT_college_m_Conn_College.html"
"627","NEICAAA_M","https://tf.tfrrs.org/teams/tf/MA_college_m_Bentley.html"
"628","NEICAAA_M","https://tf.tfrrs.org/teams/tf/MA_college_m_Fitchburg_St.html"
"629","NEICAAA_M","https://tf.tfrrs.org/teams/tf/ME_college_m_Husson.html"
"630","NEICAAA_M","https://tf.tfrrs.org/teams/tf/NH_college_m_Colby_Sawyer.html"
"631","NEICAAA_M","https://tf.tfrrs.org/teams/tf/MA_college_m_Lesley.html"
"632","NEICAAA_M","https://tf.tfrrs.org/teams/tf/NH_college_m_Keene_State.html"
"633","NEICAAA_M","https://tf.tfrrs.org/teams/tf/MA_college_m_Mass_Maritime.html"
"634","NEICAAA_M","https://tf.tfrrs.org/teams/tf/MA_college_m_UMass_Boston.html"
"635","NEICAAA_M","https://tf.tfrrs.org/teams/tf/MA_college_m_Westfield_State.html"
"636","NEICAAA_M","https://tf.tfrrs.org/teams/tf/MA_college_m_Lasell.html"
"637","NEICAAA_M","https://tf.tfrrs.org/teams/tf/VT_college_m_St_Michaels.html"
"638","Ohio_Valley_OVC_F","https://tf.tfrrs.org/teams/tf/AR_college_f_Little_Rock.html"
"639","Ohio_Valley_OVC_F","https://tf.tfrrs.org/teams/tf/MO_college_f_SE_Missouri.html"
"640","Ohio_Valley_OVC_F","https://tf.tfrrs.org/teams/tf/TN_college_f_Tennessee_Tech.html"
"641","Ohio_Valley_OVC_F","https://tf.tfrrs.org/teams/tf/IL_college_f_SIU_Edwardsville.html"
"642","Ohio_Valley_OVC_F","https://tf.tfrrs.org/teams/tf/TN_college_f_Tennessee_Martin.html"
"643","Ohio_Valley_OVC_F","https://tf.tfrrs.org/teams/tf/IL_college_f_Western_Illinois.html"
"644","Ohio_Valley_OVC_F","https://tf.tfrrs.org/teams/tf/IL_college_f_Eastern_Illinois.html"
"645","Ohio_Valley_OVC_F","https://tf.tfrrs.org/teams/tf/MO_college_f_Lindenwood.html"
"646","Ohio_Valley_OVC_F","https://tf.tfrrs.org/teams/tf/KY_college_f_Morehead_State.html"
"647","Ohio_Valley_OVC_F","https://tf.tfrrs.org/teams/tf/IN_college_f_Southern_Indiana.html"
"648","Ohio_Valley_OVC_M","https://tf.tfrrs.org/teams/tf/AR_college_m_Little_Rock.html"
"649","Ohio_Valley_OVC_M","https://tf.tfrrs.org/teams/tf/MO_college_m_Lindenwood.html"
"650","Ohio_Valley_OVC_M","https://tf.tfrrs.org/teams/tf/IL_college_m_Eastern_Illinois.html"
"651","Ohio_Valley_OVC_M","https://tf.tfrrs.org/teams/tf/TN_college_m_Tennessee_Martin.html"
"652","Ohio_Valley_OVC_M","https://tf.tfrrs.org/teams/tf/IL_college_m_Western_Illinois.html"
"653","Ohio_Valley_OVC_M","https://tf.tfrrs.org/teams/tf/MO_college_m_SE_Missouri.html"
"654","Ohio_Valley_OVC_M","https://tf.tfrrs.org/teams/tf/IL_college_m_SIU_Edwardsville.html"
"655","Ohio_Valley_OVC_M","https://tf.tfrrs.org/teams/tf/KY_college_m_Morehead_State.html"
"656","Ohio_Valley_OVC_M","https://tf.tfrrs.org/teams/tf/IN_college_m_Southern_Indiana.html"
"657","Ohio_Valley_OVC_M","https://tf.tfrrs.org/teams/tf/TN_college_m_Tennessee_Tech.html"
"658","Pac_12_F","https://tf.tfrrs.org/teams/tf/OR_college_f_Oregon.html"
"659","Pac_12_F","https://tf.tfrrs.org/teams/tf/AZ_college_f_Arizona_State.html"
"660","Pac_12_F","https://tf.tfrrs.org/teams/tf/CA_college_f_USC.html"
"661","Pac_12_F","https://tf.tfrrs.org/teams/tf/CA_college_f_California_CA.html"
"662","Pac_12_F","https://tf.tfrrs.org/teams/tf/CA_college_f_UCLA.html"
"663","Pac_12_F","https://tf.tfrrs.org/teams/tf/CA_college_f_Stanford.html"
"664","Pac_12_F","https://tf.tfrrs.org/teams/tf/WA_college_f_Washington_State.html"
"665","Pac_12_F","https://tf.tfrrs.org/teams/tf/AZ_college_f_Arizona.html"
"666","Pac_12_F","https://tf.tfrrs.org/teams/tf/UT_college_f_Utah.html"
"667","Pac_12_F","https://tf.tfrrs.org/teams/tf/WA_college_f_Washington.html"
"668","Pac_12_F","https://tf.tfrrs.org/teams/tf/CO_college_f_Colorado.html"
"669","Pac_12_F","https://tf.tfrrs.org/teams/tf/OR_college_f_Oregon_State.html"
"670","Pac_12_M","https://tf.tfrrs.org/teams/tf/CA_college_m_California_CA.html"
"671","Pac_12_M","https://tf.tfrrs.org/teams/tf/CA_college_m_USC.html"
"672","Pac_12_M","https://tf.tfrrs.org/teams/tf/OR_college_m_Oregon.html"
"673","Pac_12_M","https://tf.tfrrs.org/teams/tf/AZ_college_m_Arizona.html"
"674","Pac_12_M","https://tf.tfrrs.org/teams/tf/AZ_college_m_Arizona_State.html"
"675","Pac_12_M","https://tf.tfrrs.org/teams/tf/CO_college_m_Colorado.html"
"676","Pac_12_M","https://tf.tfrrs.org/teams/tf/WA_college_m_Washington_State.html"
"677","Pac_12_M","https://tf.tfrrs.org/teams/tf/CA_college_m_UCLA.html"
"678","Pac_12_M","https://tf.tfrrs.org/teams/tf/CA_college_m_Stanford.html"
"679","Pac_12_M","https://tf.tfrrs.org/teams/tf/WA_college_m_Washington.html"
"680","SEC_F","https://tf.tfrrs.org/teams/tf/TN_college_f_Tennessee.html"
"681","SEC_F","https://tf.tfrrs.org/teams/tf/MS_college_f_Mississippi.html"
"682","SEC_F","https://tf.tfrrs.org/teams/tf/LA_college_f_LSU.html"
"683","SEC_F","https://tf.tfrrs.org/teams/tf/GA_college_f_Georgia.html"
"684","SEC_F","https://tf.tfrrs.org/teams/tf/SC_college_f_South_Carolina.html"
"685","SEC_F","https://tf.tfrrs.org/teams/tf/AR_college_f_Arkansas.html"
"686","SEC_F","https://tf.tfrrs.org/teams/tf/TX_college_f_Texas_AM.html"
"687","SEC_F","https://tf.tfrrs.org/teams/tf/KY_college_f_Kentucky.html"
"688","SEC_F","https://tf.tfrrs.org/teams/tf/FL_college_f_Florida.html"
"689","SEC_F","https://tf.tfrrs.org/teams/tf/AL_college_f_Auburn.html"
"690","SEC_F","https://tf.tfrrs.org/teams/tf/AL_college_f_Alabama.html"
"691","SEC_F","https://tf.tfrrs.org/teams/tf/MO_college_f_Missouri.html"
"692","SEC_F","https://tf.tfrrs.org/teams/tf/MS_college_f_Mississippi_St.html"
"693","SEC_F","https://tf.tfrrs.org/teams/tf/TN_college_f_Vanderbilt.html"
"694","SEC_M","https://tf.tfrrs.org/teams/tf/TN_college_m_Tennessee.html"
"695","SEC_M","https://tf.tfrrs.org/teams/tf/AL_college_m_Auburn.html"
"696","SEC_M","https://tf.tfrrs.org/teams/tf/AR_college_m_Arkansas.html"
"697","SEC_M","https://tf.tfrrs.org/teams/tf/LA_college_m_LSU.html"
"698","SEC_M","https://tf.tfrrs.org/teams/tf/FL_college_m_Florida.html"
"699","SEC_M","https://tf.tfrrs.org/teams/tf/GA_college_m_Georgia.html"
"700","SEC_M","https://tf.tfrrs.org/teams/tf/AL_college_m_Alabama.html"
"701","SEC_M","https://tf.tfrrs.org/teams/tf/MS_college_m_Mississippi_St.html"
"702","SEC_M","https://tf.tfrrs.org/teams/tf/SC_college_m_South_Carolina.html"
"703","SEC_M","https://tf.tfrrs.org/teams/tf/KY_college_m_Kentucky.html"
"704","SEC_M","https://tf.tfrrs.org/teams/tf/TX_college_m_Texas_AM.html"
"705","SEC_M","https://tf.tfrrs.org/teams/tf/MS_college_m_Mississippi.html"
"706","SEC_M","https://tf.tfrrs.org/teams/tf/MO_college_m_Missouri.html"
"707","SEC_M","https://tf.tfrrs.org/teams/tf/TN_college_m_Vanderbilt.html"
"708","SWAC_F","https://tf.tfrrs.org/teams/tf/MS_college_f_Mississippi_Valley.html"
"709","SWAC_M","https://tf.tfrrs.org/teams/tf/MS_college_m_Mississippi_Valley.html"
"710","Southern_Conference_F","https://tf.tfrrs.org/teams/tf/SC_college_f_Citadel.html"
"711","Southern_Conference_F","https://tf.tfrrs.org/teams/tf/SC_college_f_Wofford.html"
"712","Southern_Conference_F","https://tf.tfrrs.org/teams/tf/NC_college_f_Western_Carolina.html"
"713","Southern_Conference_F","https://tf.tfrrs.org/teams/tf/AL_college_f_Samford.html"
"714","Southern_Conference_F","https://tf.tfrrs.org/teams/tf/TN_college_f_East_Tenn_St.html"
"715","Southern_Conference_F","https://tf.tfrrs.org/teams/tf/GA_college_f_Mercer.html"
"716","Southern_Conference_F","https://tf.tfrrs.org/teams/tf/TN_college_f_Chattanooga.html"
"717","Southern_Conference_F","https://tf.tfrrs.org/teams/tf/NC_college_f_UNC_Greensboro.html"
"718","Southern_Conference_F","https://tf.tfrrs.org/teams/tf/SC_college_f_Furman.html"
"719","Southern_Conference_F","https://tf.tfrrs.org/teams/tf/GA_college_f_Thomas_University_GA.html"
"720","Southern_Conference_M","https://tf.tfrrs.org/teams/tf/SC_college_m_Wofford.html"
"721","Southern_Conference_M","https://tf.tfrrs.org/teams/tf/AL_college_m_Samford.html"
"722","Southern_Conference_M","https://tf.tfrrs.org/teams/tf/SC_college_m_Citadel.html"
"723","Southern_Conference_M","https://tf.tfrrs.org/teams/tf/NC_college_m_Western_Carolina.html"
"724","Southern_Conference_M","https://tf.tfrrs.org/teams/tf/TN_college_m_East_Tenn_St.html"
"725","Southern_Conference_M","https://tf.tfrrs.org/teams/tf/SC_college_m_Furman.html"
"726","Southern_Conference_M","https://tf.tfrrs.org/teams/tf/NC_college_m_UNC_Greensboro.html"
"727","Southern_Conference_M","https://tf.tfrrs.org/teams/tf/TN_college_m_Chattanooga.html"
"728","Southland_Conference_F","https://tf.tfrrs.org/teams/tf/TX_college_f_Lamar.html"
"729","Southland_Conference_F","https://tf.tfrrs.org/teams/tf/LA_college_f_Northwestern_St.html"
"730","Southland_Conference_F","https://tf.tfrrs.org/teams/tf/LA_college_f_McNeese_State.html"
"731","Southland_Conference_F","https://tf.tfrrs.org/teams/tf/TX_college_f_Texas_AM_CC.html"
"732","Southland_Conference_F","https://tf.tfrrs.org/teams/tf/TX_college_f_Incarnate_Word.html"
"733","Southland_Conference_F","https://tf.tfrrs.org/teams/tf/LA_college_f_New_Orleans.html"
"734","Southland_Conference_F","https://tf.tfrrs.org/teams/tf/LA_college_f_SE_Louisiana.html"
"735","Southland_Conference_F","https://tf.tfrrs.org/teams/tf/TX_college_f_Houston_Christian.html"
"736","Southland_Conference_F","https://tf.tfrrs.org/teams/tf/LA_college_f_Nicholls_State.html"
"737","Southland_Conference_F","https://tf.tfrrs.org/teams/tf/TX_college_f_TAMU_Commerce.html"
"738","Southland_Conference_M","https://tf.tfrrs.org/teams/tf/LA_college_m_Northwestern_St.html"
"739","Southland_Conference_M","https://tf.tfrrs.org/teams/tf/TX_college_m_TAMU_Commerce.html"
"740","Southland_Conference_M","https://tf.tfrrs.org/teams/tf/LA_college_m_New_Orleans.html"
"741","Southland_Conference_M","https://tf.tfrrs.org/teams/tf/TX_college_m_Lamar.html"
"742","Southland_Conference_M","https://tf.tfrrs.org/teams/tf/TX_college_m_Incarnate_Word.html"
"743","Southland_Conference_M","https://tf.tfrrs.org/teams/tf/LA_college_m_McNeese_State.html"
"744","Southland_Conference_M","https://tf.tfrrs.org/teams/tf/LA_college_m_Nicholls_State.html"
"745","Southland_Conference_M","https://tf.tfrrs.org/teams/tf/TX_college_m_Houston_Christian.html"
"746","Southland_Conference_M","https://tf.tfrrs.org/teams/tf/LA_college_m_SE_Louisiana.html"
"747","Southland_Conference_M","https://tf.tfrrs.org/teams/tf/TX_college_m_Texas_AM_CC.html"
"748","Sun_Belt_F","https://tf.tfrrs.org/teams/tf/GA_college_f_Georgia_State.html"
"749","Sun_Belt_F","https://tf.tfrrs.org/teams/tf/GA_college_f_Georgia_Southern.html"
"750","Sun_Belt_F","https://tf.tfrrs.org/teams/tf/MS_college_f_Southern_Miss.html"
"751","Sun_Belt_F","https://tf.tfrrs.org/teams/tf/LA_college_f_Louisiana_Lafayette.html"
"752","Sun_Belt_F","https://tf.tfrrs.org/teams/tf/TX_college_f_Texas_State.html"
"753","Sun_Belt_F","https://tf.tfrrs.org/teams/tf/NC_college_f_Appalachian_State.html"
"754","Sun_Belt_F","https://tf.tfrrs.org/teams/tf/SC_college_f_Coastal_Carolina.html"
"755","Sun_Belt_F","https://tf.tfrrs.org/teams/tf/AR_college_f_Arkansas_State.html"
"756","Sun_Belt_F","https://tf.tfrrs.org/teams/tf/AL_college_f_South_Alabama.html"
"757","Sun_Belt_F","https://tf.tfrrs.org/teams/tf/WV_college_f_Marshall.html"
"758","Sun_Belt_F","https://tf.tfrrs.org/teams/tf/AL_college_f_Troy.html"
"759","Sun_Belt_F","https://tf.tfrrs.org/teams/tf/LA_college_f_ULM.html"
"760","Sun_Belt_M","https://tf.tfrrs.org/teams/tf/LA_college_m_Louisiana_Lafayette.html"
"761","Sun_Belt_M","https://tf.tfrrs.org/teams/tf/AL_college_m_Troy.html"
"762","Sun_Belt_M","https://tf.tfrrs.org/teams/tf/TX_college_m_Texas_State.html"
"763","Sun_Belt_M","https://tf.tfrrs.org/teams/tf/MS_college_m_Southern_Miss.html"
"764","Sun_Belt_M","https://tf.tfrrs.org/teams/tf/SC_college_m_Coastal_Carolina.html"
"765","Sun_Belt_M","https://tf.tfrrs.org/teams/tf/LA_college_m_ULM.html"
"766","Sun_Belt_M","https://tf.tfrrs.org/teams/tf/NC_college_m_Appalachian_State.html"
"767","Sun_Belt_M","https://tf.tfrrs.org/teams/tf/AL_college_m_South_Alabama.html"
"768","Sun_Belt_M","https://tf.tfrrs.org/teams/tf/WV_college_m_Marshall.html"
"769","Sun_Belt_M","https://tf.tfrrs.org/teams/tf/AR_college_m_Arkansas_State.html"
"770","The_American_F","https://tf.tfrrs.org/teams/tf/NC_college_f_Charlotte.html"
"771","The_American_F","https://tf.tfrrs.org/teams/tf/TX_college_f_Rice.html"
"772","The_American_F","https://tf.tfrrs.org/teams/tf/NC_college_f_East_Carolina.html"
"773","The_American_F","https://tf.tfrrs.org/teams/tf/FL_college_f_South_Florida.html"
"774","The_American_F","https://tf.tfrrs.org/teams/tf/TN_college_f_Memphis.html"
"775","The_American_F","https://tf.tfrrs.org/teams/tf/TX_college_f_UTSA.html"
"776","The_American_F","https://tf.tfrrs.org/teams/tf/TX_college_f_North_Texas.html"
"777","The_American_F","https://tf.tfrrs.org/teams/tf/AL_college_f_UAB.html"
"778","The_American_F","https://tf.tfrrs.org/teams/tf/KS_college_f_Wichita_State.html"
"779","The_American_F","https://tf.tfrrs.org/teams/tf/TX_college_f_SMU.html"
"780","The_American_F","https://tf.tfrrs.org/teams/tf/OK_college_f_Tulsa.html"
"781","The_American_F","https://tf.tfrrs.org/teams/tf/FL_college_f_Florida_Atlantic.html"
"782","The_American_F","https://tf.tfrrs.org/teams/tf/LA_college_f_Tulane.html"
"783","The_American_M","https://tf.tfrrs.org/teams/tf/FL_college_m_South_Florida.html"
"784","The_American_M","https://tf.tfrrs.org/teams/tf/TX_college_m_UTSA.html"
"785","The_American_M","https://tf.tfrrs.org/teams/tf/NC_college_m_East_Carolina.html"
"786","The_American_M","https://tf.tfrrs.org/teams/tf/TX_college_m_North_Texas.html"
"787","The_American_M","https://tf.tfrrs.org/teams/tf/KS_college_m_Wichita_State.html"
"788","The_American_M","https://tf.tfrrs.org/teams/tf/NC_college_m_Charlotte.html"
"789","The_American_M","https://tf.tfrrs.org/teams/tf/OK_college_m_Tulsa.html"
"790","The_American_M","https://tf.tfrrs.org/teams/tf/TX_college_m_Rice.html"
"791","The_American_M","https://tf.tfrrs.org/teams/tf/TN_college_m_Memphis.html"
"792","The_American_M","https://tf.tfrrs.org/teams/tf/LA_college_m_Tulane.html"
"793","The_Summit_League_F","https://tf.tfrrs.org/teams/tf/SD_college_f_South_Dakota.html"
"794","The_Summit_League_F","https://tf.tfrrs.org/teams/tf/ND_college_f_North_Dakota_St.html"
"795","The_Summit_League_F","https://tf.tfrrs.org/teams/tf/MN_college_f_St_Thomas.html"
"796","The_Summit_League_F","https://tf.tfrrs.org/teams/tf/SD_college_f_South_Dakota_St.html"
"797","The_Summit_League_F","https://tf.tfrrs.org/teams/tf/NE_college_f_Omaha.html"
"798","The_Summit_League_F","https://tf.tfrrs.org/teams/tf/OK_college_f_Oral_Roberts.html"
"799","The_Summit_League_F","https://tf.tfrrs.org/teams/tf/ND_college_f_North_Dakota.html"
"800","The_Summit_League_F","https://tf.tfrrs.org/teams/tf/MO_college_f_Kansas_City.html"
"801","The_Summit_League_M","https://tf.tfrrs.org/teams/tf/SD_college_m_South_Dakota_St.html"
"802","The_Summit_League_M","https://tf.tfrrs.org/teams/tf/SD_college_m_South_Dakota.html"
"803","The_Summit_League_M","https://tf.tfrrs.org/teams/tf/MO_college_m_Kansas_City.html"
"804","The_Summit_League_M","https://tf.tfrrs.org/teams/tf/OK_college_m_Oral_Roberts.html"
"805","The_Summit_League_M","https://tf.tfrrs.org/teams/tf/ND_college_m_North_Dakota_St.html"
"806","The_Summit_League_M","https://tf.tfrrs.org/teams/tf/ND_college_m_North_Dakota.html"
"807","The_Summit_League_M","https://tf.tfrrs.org/teams/tf/MN_college_m_St_Thomas.html"
"808","WAC_F","https://tf.tfrrs.org/teams/tf/TX_college_f_Texas_Arlington.html"
"809","WAC_F","https://tf.tfrrs.org/teams/tf/TX_college_f_Tarleton_State.html"
"810","WAC_F","https://tf.tfrrs.org/teams/tf/TX_college_f_Texas_Pan_American.html"
"811","WAC_F","https://tf.tfrrs.org/teams/tf/TX_college_f_Stephen_F_Austin.html"
"812","WAC_F","https://tf.tfrrs.org/teams/tf/AZ_college_f_Grand_Canyon.html"
"813","WAC_F","https://tf.tfrrs.org/teams/tf/UT_college_f_Utah_Tech.html"
"814","WAC_F","https://tf.tfrrs.org/teams/tf/UT_college_f_Utah_Valley.html"
"815","WAC_F","https://tf.tfrrs.org/teams/tf/TX_college_f_Abilene_Christian.html"
"816","WAC_F","https://tf.tfrrs.org/teams/tf/UT_college_f_Southern_Utah.html"
"817","WAC_F","https://tf.tfrrs.org/teams/tf/CA_college_f_California_Baptist.html"
"818","WAC_F","https://tf.tfrrs.org/teams/tf/WA_college_f_Seattle_U.html"
"819","WAC_M","https://tf.tfrrs.org/teams/tf/TX_college_m_Tarleton_State.html"
"820","WAC_M","https://tf.tfrrs.org/teams/tf/TX_college_m_Texas_Arlington.html"
"821","WAC_M","https://tf.tfrrs.org/teams/tf/AZ_college_m_Grand_Canyon.html"
"822","WAC_M","https://tf.tfrrs.org/teams/tf/UT_college_m_Utah_Valley.html"
"823","WAC_M","https://tf.tfrrs.org/teams/tf/TX_college_m_Texas_Pan_American.html"
"824","WAC_M","https://tf.tfrrs.org/teams/tf/TX_college_m_Abilene_Christian.html"
"825","WAC_M","https://tf.tfrrs.org/teams/tf/TX_college_m_Stephen_F_Austin.html"
"826","WAC_M","https://tf.tfrrs.org/teams/tf/UT_college_m_Southern_Utah.html"
"827","WAC_M","https://tf.tfrrs.org/teams/tf/WA_college_m_Seattle_U.html"
"828","WAC_M","https://tf.tfrrs.org/teams/tf/CA_college_m_California_Baptist.html"
"829","WAC_M","https://tf.tfrrs.org/teams/tf/UT_college_m_Utah_Tech.html"
